{
  "name": "minerva-youth-challenge",
  "private": true,
  "version": "0.0.0",
  "description": "Minerva - Youth Challenge Academy",
  "repository": "https://github.com/angular/angular-phonecat",
  "license": "MIT",
  "dependencies": {
    "angular": "1.7.x",
    "angular-animate": "1.7.x",
    "angular-resource": "1.7.x",
    "angular-route": "1.7.x",
    "popper.js": "^1.12.9",
    "bootstrap": "4.0.0",
    "jquery": "3.3.x",
    "open-iconic": "1.1.1"
  },
  "devDependencies": {
    "angular-mocks": "1.7.x",
    "cpx": "^1.5.0",
    "http-server": "^0.11.1",
    "jasmine-core": "^3.3.0",
    "karma": "^3.1.1",
    "karma-chrome-launcher": "^2.2.0",
    "karma-firefox-launcher": "^1.1.0",
    "karma-jasmine": "^1.1.2",
    "karma-coverage": "^1.1.2",
    "karma-jasmine-html-reporter": "1.4.0",
    "protractor": "^5.4.1"
  },
  "scripts": {
    "postinstall": "npm run copy-libs",
    "update-deps": "npm update",
    "postupdate-deps": "npm run copy-libs",
    "copy-libs": "cpx \"node_modules/{angular,angular-*,bootstrap/dist,jquery/dist,popper.js/dist,open-iconic/font/}/**/*\" app/lib -C",
    "prestart": "npm install",
    "start": "http-server ./app -a localhost -p 8000 -c-1",
    "pretest": "npm install",
    "test": "karma start karma.conf.js",
    "test-single-run": "npm test -- --single-run",
    "preupdate-webdriver": "npm install",
    "update-webdriver": "webdriver-manager update",
    "preprotractor": "npm run update-webdriver",
    "protractor": "protractor e2e-tests/protractor.conf.js"
  }
}
